clip_id,language,source_id,speaker_id,path,start_sec,end_sec,duration_sec,asr_text
en_01_000,en,en_01,en_hcverma,data/clips/en/en_01_000.wav,0.00,9.20,9.35,"Find those principles, nature displays varieties of events and phenomena, and based on those we have to understand physics."
en_01_001,en,en_01,en_hcverma,data/clips/en/en_01_001.wav,9.70,22.20,12.80,"All our equations, all our formulae, all our derivations are essentially an attempt to understand these basic principles on which nature displays its events."
en_01_002,en,en_01,en_hcverma,data/clips/en/en_01_002.wav,22.60,37.60,15.30,"So we design some of our own experiments so that those rules, those phenomena, those equations, those concepts are understood in a in a better way. So this particular course is"
en_01_003,en,en_01,en_hcverma,data/clips/en/en_01_003.wav,38.00,50.70,13.00,"Just to show some experiments, simple experiments, self-designed experiments, you can also design and then see how physics is working there and from that."
en_01_004,en,en_01,en_hcverma,data/clips/en/en_01_004.wav,51.20,61.70,10.80,"develop a deeper understanding of physics. So this is about the course. Now, the participants you have registered"
en_01_005,en,en_01,en_hcverma,data/clips/en/en_01_005.wav,62.10,74.00,12.20,"And I do not know how many of you are students, how many of you are teachers, how many of you are very senior teachers, senior than me. So it's a mixed audience and I don't know how do I address."
en_01_006,en,en_01,en_hcverma,data/clips/en/en_01_006.wav,74.50,88.80,14.60,"So I'm coining a word, you are my physics loving friend. Physics loving friend. So I'll call you P L F. So all my PLFs"
en_01_007,en,en_01,en_hcverma,data/clips/en/en_01_007.wav,89.40,103.65,14.55,"Welcome to this course. I have divided this eight week course in four broad modules, although in experiments you cannot really divide things. All these divisions"
en_01_008,en,en_01,en_hcverma,data/clips/en/en_01_008.wav,103.65,117.90,14.55,"Revisions in chapters is artificial. When you are doing something, then many of the concepts go together in one experiment. But still, broadly I have divided it in four parts."
en_01_009,en,en_01,en_hcverma,data/clips/en/en_01_009.wav,118.80,132.90,14.40,"that is optics, that will be our first module. and then mechanics and then electricity magnetism and then oscillations and waves. So roughly two weeks on"
en_01_010,en,en_01,en_hcverma,data/clips/en/en_01_010.wav,133.30,146.90,13.90,"Optics, two weeks on mechanics, two weeks on electricity magnetism, and two weeks on oscillations and waves. So we will start with our first module that is optics, light."
en_01_011,en,en_01,en_hcverma,data/clips/en/en_01_011.wav,147.60,161.30,14.00,"Very simple, light, and the day someone comes to this planet and opens eyes, the interaction with light starts."
en_01_012,en,en_01,en_hcverma,data/clips/en/en_01_012.wav,162.10,173.30,11.50,"And after that we experience so many things about light, we learn so many things about light, and then theories are developed and all other phenomena are there."
en_01_013,en,en_01,en_hcverma,data/clips/en/en_01_013.wav,174.90,187.60,13.00,Now what is the first thing that is taught when a chapter on light starts in schools? Perhaps the first thing is light travels in straight lines.
en_01_014,en,en_01,en_hcverma,data/clips/en/en_01_014.wav,188.60,202.30,14.00,"So, we will also start from that, and how do we know that light travels in straight lines? We can do certain experiments. So, you have a bulb glowing."
en_01_015,en,en_01,en_hcverma,data/clips/en/en_01_015.wav,202.80,215.30,12.80,You can see it. Put some object in between your eyes and the bulb and what happens? I'm not able to see the bulb. Why? This simple experiment tells me.
en_01_016,en,en_01,en_hcverma,data/clips/en/en_01_016.wav,215.70,229.10,13.70,"that light travels in straight lines. Light falls on this card, this paper, therefore it is not able to reach my eyes and therefore I am not able to see."
en_01_017,en,en_01,en_hcverma,data/clips/en/en_01_017.wav,229.50,242.80,13.60,"But does light really go in straight lines? We will come to this question. When we say that light travels in straight lines, this is an approximation."
en_01_018,en,en_01,en_hcverma,data/clips/en/en_01_018.wav,244.10,254.90,11.10,"First thing is, we mean a homogeneous medium, transparent homogeneous medium, only then the light travels in straight lines. And"
en_01_019,en,en_01,en_hcverma,data/clips/en/en_01_019.wav,254.90,265.70,11.10,"And you know, if the medium changes, the refractive index of medium changes, light can bend. Mirage is one example and many other examples."
en_01_020,en,en_01,en_hcverma,data/clips/en/en_01_020.wav,266.50,278.60,12.40,"The approximation, the approximation in which you can represent light by straight line paths is known as"
en_01_021,en,en_01,en_hcverma,data/clips/en/en_01_021.wav,279.00,291.20,12.50,"Ray optics approximation or geometrical optics approximation. In this approximation, light casts shadows."
en_01_022,en,en_01,en_hcverma,data/clips/en/en_01_022.wav,292.50,306.40,14.20,"when you walk in sun or under the street lights, you can see your own shadows on the road. So let us make some shadows. Let's do this experiment. Let's make some shadows. So,"
en_01_023,en,en_01,en_hcverma,data/clips/en/en_01_023.wav,307.00,321.40,14.70,"Again this bulb. Alright, now I will be making shadow of this pen and you watch for the sharpness of the shadow. Look at the shadow. Quite sharp, rectangular."
en_01_024,en,en_01,en_hcverma,data/clips/en/en_01_024.wav,322.50,337.30,15.10,"I'm increasing the distance of pen from the wall and see how the sharpness is changing. It is quite diffused now, very diffused. Very diffused. If I go close to the wall,"
en_01_025,en,en_01,en_hcverma,data/clips/en/en_01_025.wav,338.00,351.20,13.50,"It's quite sharp, rectangular. If I go away from the wall, then it is a totally diffused kind of shadow. Now it will be your task."
en_01_026,en,en_01,en_hcverma,data/clips/en/en_01_026.wav,351.70,360.50,9.10,"To explain all these phenomena, this intensity, this diffuseness in terms of"
en_01_027,en,en_01,en_hcverma,data/clips/en/en_01_027.wav,361.00,374.50,13.80,"the path of light rays or straight line paths that light takes. One more observation, keenly watch. I am rotating this bulb now."
en_01_028,en,en_01,en_hcverma,data/clips/en/en_01_028.wav,375.00,383.80,9.10,"The shadow is very, very diffused. I am rotating the bulb and you see what happens to the shadow."
en_01_029,en,en_01,en_hcverma,data/clips/en/en_01_029.wav,389.80,404.50,15.00,See how the shadow is changing. I have rotated it almost 90 degrees. Go back. And this is the shadow.
en_01_030,en,en_01,en_hcverma,data/clips/en/en_01_030.wav,405.90,417.60,12.00,"Rotate it, rotate the bulb. And this is the shadow. So, this also you have to explain why the"
en_01_031,en,en_01,en_hcverma,data/clips/en/en_01_031.wav,418.00,431.40,13.70,"Shadow is changing its character when the light bulb is getting rotated. Now to give you a clue, I will show you the bulb."
en_01_032,en,en_01,en_hcverma,data/clips/en/en_01_032.wav,432.40,444.30,12.20,And you see what happens when the bulb is rotating. Look at the bulb. It's a structure inside this glass.
en_01_033,en,en_01,en_hcverma,data/clips/en/en_01_033.wav,445.80,460.60,15.10,Now this is the initial condition. And now I will be rotating it through 90 degrees. So I'm starting the rotation. So just watch.
en_01_034,en,en_01,en_hcverma,data/clips/en/en_01_034.wav,462.00,469.60,7.90,What kind of changes you see? I've almost rotated it by 90 degrees. Going back.
en_01_035,en,en_01,en_hcverma,data/clips/en/en_01_035.wav,477.10,491.00,14.20,Okay? So I hope this helps in explaining what happened to the shadow with rotation of bulb. So I have this cardboard and in this cardboard I have
en_01_036,en,en_01,en_hcverma,data/clips/en/en_01_036.wav,491.80,506.80,15.30,"made a hole. And if you see the shape of the hole, it is in the shape of this sign of plus. The intention is I'll"
en_01_037,en,en_01,en_hcverma,data/clips/en/en_01_037.wav,507.40,518.00,10.90,"Let sunlight pass through this hole, this opening, and on the other side, I'll collect that light and see the pattern that light makes."
en_01_038,en,en_01,en_hcverma,data/clips/en/en_01_038.wav,518.60,532.50,14.20,"Similarly, I will have more cardboard boards with different shapes. Okay, so Ranjit is holding the screen and sunlight is passing through this hole and on the other side it is going."
en_01_039,en,en_01,en_hcverma,data/clips/en/en_01_039.wav,533.00,544.40,11.70,"and making a pattern on the screen. And as expected, the pattern made by the light on the screen is also in the shape of that mathematical plus sign."
en_01_040,en,en_01,en_hcverma,data/clips/en/en_01_040.wav,545.30,558.20,13.20,Now see what happens if the screen is taken away from this opening. So Ranjit is taking the screen away. You can see that the boundaries are diffusing.
en_01_041,en,en_01,en_hcverma,data/clips/en/en_01_041.wav,560.00,573.00,13.30,"And by now it is difficult to recognize that there was a plus shape. And now you can see at this distance, it is almost a circular disc."
en_01_042,en,en_01,en_hcverma,data/clips/en/en_01_042.wav,574.30,587.90,13.90,The opening is in the shape of plus sign. But the light that falls on the screen going through this same opening is making a circular disk on the screen.
en_01_043,en,en_01,en_hcverma,data/clips/en/en_01_043.wav,592.60,607.50,15.20,"Let us change the shape of the opening. This opening is diamond type, parallelogram. And if you see on the screen, you have that diamond shaped spot."
en_01_044,en,en_01,en_hcverma,data/clips/en/en_01_044.wav,608.50,620.00,11.80,And now Ranjit take away the screen. Increase the distance. And you see you don't recognize anymore.
en_01_045,en,en_01,en_hcverma,data/clips/en/en_01_045.wav,621.20,632.50,11.60,"That parallelogram type, diamond type shape, and once again it has become a circular disc. One more shape?"
en_01_046,en,en_01,en_hcverma,data/clips/en/en_01_046.wav,639.90,654.30,14.70,This you can see it's a kind of a rectangle. Nearly rectangular shape of the opening and nearly rectangular shape of the pattern made on the screen by light passing through this rectangular opening.
en_01_047,en,en_01,en_hcverma,data/clips/en/en_01_047.wav,655.00,665.90,11.20,"Now take the screen away. Okay, still you can see it is rectangle. Boundaries are diffusing."
en_01_048,en,en_01,en_hcverma,data/clips/en/en_01_048.wav,670.70,683.80,13.40,"And by now it has become a circular disk. You can see the periphery of that spot, it's circular. So independent of the shape of the opening."
en_01_049,en,en_01,en_hcverma,data/clips/en/en_01_049.wav,684.50,698.40,14.20,"Your final spot is bright circular disk. So, why the that spot becomes circular?"
en_01_050,en,en_01,en_hcverma,data/clips/en/en_01_050.wav,698.80,711.50,13.00,"Once the distance between the screen and the opening is large, independent of what is the shape of opening, that bright circular disk is in fact image of the sun."
en_01_051,en,en_01,en_hcverma,data/clips/en/en_01_051.wav,712.10,726.20,14.40,"The sun's disk is circular, and therefore this is also circular. But when you bring this screen closer to this opening, then it is the opening that decides what kind of shape will be there of the brightest spot."
en_01_052,en,en_01,en_hcverma,data/clips/en/en_01_052.wav,727.10,741.10,14.30,"You can understand it if you do little bit of drawing. Suppose in the in that opening, you only have a single point opening, what will happen? Wherever you place your screen,"
en_01_053,en,en_01,en_hcverma,data/clips/en/en_01_053.wav,741.70,750.70,9.30,"That sun, that disk will be imaged as a circular disk here at all distances if it is a single point opening."
en_01_054,en,en_01,en_hcverma,data/clips/en/en_01_054.wav,751.80,766.30,14.80,a actual opening can be thought of as a collection of the single point openings. And therefore each of this point will make a circle. Now if the screen is closed
en_01_055,en,en_01,en_hcverma,data/clips/en/en_01_055.wav,767.00,782.00,15.30,"All these circles are small small circles. Suppose these are the suppose your opening is triangular. So, these are the points which are"
en_01_056,en,en_01,en_hcverma,data/clips/en/en_01_056.wav,784.10,794.00,10.20,You take these as the points. This is all triangular. Each point is making a circular disk.
en_01_057,en,en_01,en_hcverma,data/clips/en/en_01_057.wav,794.70,807.30,12.90,"But if the screen is closed, those discs are small. So you have a disc like this, you have a disc like this, you have a disc like this, you have a disc like this, disc like this and so on. So all this will be there."
en_01_058,en,en_01,en_hcverma,data/clips/en/en_01_058.wav,808.70,820.60,12.20,"From each point, you make circular discs. But then that triangular shape is still maintained. That triangular shape is still maintained."
en_01_059,en,en_01,en_hcverma,data/clips/en/en_01_059.wav,822.10,832.30,10.50,"But if the screen is away and these circles becomes large, then if you make that drawing, you have centers here."
en_01_060,en,en_01,en_hcverma,data/clips/en/en_01_060.wav,833.20,848.10,15.20,"You have centers here, but then you are drawing large circles. You are drawing large circles. Like this. From these, what you will see is a round thing, a circular thing."
en_01_061,en,en_01,en_hcverma,data/clips/en/en_01_061.wav,848.50,861.50,13.30,"So here, it will be essentially the image of the source, and here, it will be essentially image of the opening. Okay, now I will make shadow."
en_01_062,en,en_01,en_hcverma,data/clips/en/en_01_062.wav,862.40,874.70,12.60,using a different light source. This is a laser light source and green light is emitted and is going on the wall. The size of the beam is small.
en_01_063,en,en_01,en_hcverma,data/clips/en/en_01_063.wav,875.60,888.30,13.00,"From the spot on the wall you can see how much is the size, or you can see it somewhere here. So this is the size. And the obstacle that I am bringing"
en_01_064,en,en_01,en_hcverma,data/clips/en/en_01_064.wav,888.70,900.70,12.30,"is much wider than the size of the beam. This is opaque. So if light goes in straight lines, then the whole beam will fall on this."
en_01_065,en,en_01,en_hcverma,data/clips/en/en_01_065.wav,901.20,911.90,11.00,"object, opaque object, and nothing will go there. So let's see. Here it is."
en_01_066,en,en_01,en_hcverma,data/clips/en/en_01_066.wav,914.70,929.30,14.90,"The entire light is now falling on this object, opaque object, and everything is blocked and nothing goes on the wall. So light does travel in straight lines. Now I will do something else. We will put an object"
en_01_067,en,en_01,en_hcverma,data/clips/en/en_01_067.wav,930.00,937.10,7.40,which size is less than the diameter of this beam. Now we will be putting a thin wire.
en_01_068,en,en_01,en_hcverma,data/clips/en/en_01_068.wav,937.60,954.20,16.90,"in front of this light beam. So and it will be thin. So it will not block the whole of the light, only the light which falls on the that thin wire should be blocked and other light should pass and you can expect the shadow of wire."
en_01_069,en,en_01,en_hcverma,data/clips/en/en_01_069.wav,955.40,966.20,11.10,So we have fixed thin wire on this CD disk and carefully see the central hole.
en_01_070,en,en_01,en_hcverma,data/clips/en/en_01_070.wav,967.60,981.80,14.50,"On the vertical diameter of the central hole, you can see the wire. And our plan is to send this light beam."
en_01_071,en,en_01,en_hcverma,data/clips/en/en_01_071.wav,982.80,996.80,14.30,on this wire. So from the sides light will go and apparently perhaps we can expect that light will be blocked by this wire and a shadow will form on the other side.
en_01_072,en,en_01,en_hcverma,data/clips/en/en_01_072.wav,997.40,1009.10,12.00,"So I'll request Ranjit, my associate, to fix up this wire and this light source on some stand so that light falls on this wire."
en_01_073,en,en_01,en_hcverma,data/clips/en/en_01_073.wav,1030.90,1045.30,14.70,"This is the point directly in front of the wire. And wire is opaque, doesn't allow light to pass through. So light should have been stopped there at the wire. And here you should have gotten a dark."
en_01_074,en,en_01,en_hcverma,data/clips/en/en_01_074.wav,1045.90,1058.90,13.30,"But you have maximum intensity here. And then you see one, two, three on left side, one, two, three on right side, you can keep on counting. There are different zones of"
en_01_075,en,en_01,en_hcverma,data/clips/en/en_01_075.wav,1059.50,1074.30,15.10,"high intensity and then low intensity, again high intensity, again low intensity and so on on left of this bright spot at the center and right of the bright spot of the center. So this is the shadow of"
en_01_076,en,en_01,en_hcverma,data/clips/en/en_01_076.wav,1074.70,1087.90,13.50,"a thin wire. So what happened? When we used a pen, a pencil, varieties of objects in front of a light beam."
en_01_077,en,en_01,en_hcverma,data/clips/en/en_01_077.wav,1089.30,1101.60,12.60,Light was partially blocked by the object and there was a darkness in front of that object. But here the things are very very different. Light
en_01_078,en,en_01,en_hcverma,data/clips/en/en_01_078.wav,1102.00,1114.40,12.70,does not go in straight line paths in this particular experiment. So when does light go in straight line paths? In what conditions I cannot use this approximation?
en_01_079,en,en_01,en_hcverma,data/clips/en/en_01_079.wav,1116.60,1128.70,12.40,"For that, you also know that light is a wave. And there is something called wavelength of light. So, the openings or obstacles..."
en_01_080,en,en_01,en_hcverma,data/clips/en/en_01_080.wav,1130.20,1142.90,13.00,size of these openings and obstacles and the wavelength. They will decide whether light can be treated as rays going in straight lines.
en_01_081,en,en_01,en_hcverma,data/clips/en/en_01_081.wav,1143.40,1158.00,14.90,and stopping wherever an opaque object is encountered or light will show some other character. And the rule is that if the size of the opening or obstacle
en_01_082,en,en_01,en_hcverma,data/clips/en/en_01_082.wav,1158.50,1169.60,11.40,"is much much larger than the wavelength. 100 times, 1000 times, 10,000 times, 100,000 times. Then you can treat this light as"
en_01_083,en,en_01,en_hcverma,data/clips/en/en_01_083.wav,1170.20,1185.20,15.30,as rays going in straight lines and those straight lines you call rays. and we call this approximation as ray optics approximation. and that was the case when I used bigger objects.
en_01_084,en,en_01,en_hcverma,data/clips/en/en_01_084.wav,1185.60,1200.00,14.55,"to form shadows. But if the size of the opening or the obstacle is comparable to the wavelength of light, 10 times, 15 times, 20 times, maybe."
en_02_000,en,en_02,en_hcverma,data/clips/en/en_02_000.wav,0.80,13.70,13.20,And this approximation is known as geometrical ray approximation. And optics discussed under this proposition is called geometrical optics.
en_02_001,en,en_02,en_hcverma,data/clips/en/en_02_001.wav,14.20,29.00,15.10,"So, in this situation you can assume that light travels in straight lines in a homogeneous medium until there is some obstacle or some reflector or some medium change or something. It goes in a straight line."
en_02_002,en,en_02,en_hcverma,data/clips/en/en_02_002.wav,29.90,43.50,13.90,"which you call light ray. It's also called ray approximation. Now in this ray approximation, the basic assumption is light goes in straight line in a homogeneous medium."
en_02_003,en,en_02,en_hcverma,data/clips/en/en_02_003.wav,44.10,52.90,9.10,"That we can see in our experiments also. Now, light goes in a straight line in a homogeneous medium."
en_02_004,en,en_02,en_hcverma,data/clips/en/en_02_004.wav,54.10,61.90,8.10,"can be explained, understood just by symmetry of the space. Our space"
en_02_005,en,en_02,en_hcverma,data/clips/en/en_02_005.wav,62.50,76.10,13.90,"which I call homogeneous, isotropic, unless there is a material and that material has varying properties in varying positions or in varying directions, if that be the case then it's a different story."
en_02_006,en,en_02,en_hcverma,data/clips/en/en_02_006.wav,76.80,91.10,14.60,But it's a truly homogeneous isotropic medium or vacuum. And light is going in some direction at some point. Then if it has to bend...
en_02_007,en,en_02,en_hcverma,data/clips/en/en_02_007.wav,91.70,103.20,11.80,"In which direction it will bend? All directions are equal, equivalent. Suppose light is going like this in two dimensional plane, let me talk. So light is going like this at some instant."
en_02_008,en,en_02,en_hcverma,data/clips/en/en_02_008.wav,104.50,115.40,11.20,And now it has to bend. Suppose it doesn't go in straight line. It's all homogeneous medium. Should it bend this way? Or should it bend this way? All directions are equivalent.
en_02_009,en,en_02,en_hcverma,data/clips/en/en_02_009.wav,116.20,129.70,13.80,"All positions are equivalent, is the same medium everywhere, and the medium is isotropic. Isotropic means all directions are same. So if it is going at certain instant in this direction, should it move this way?"
en_02_010,en,en_02,en_hcverma,data/clips/en/en_02_010.wav,130.10,136.10,6.30,Should it move this way? How does it choose between these two if the medium is same?
en_02_011,en,en_02,en_hcverma,data/clips/en/en_02_011.wav,136.70,151.00,14.60,"or similarly if you go out of this plane, you can have a bent like that, bent like that, so many bending directions you can make. It cannot. So it must continue in this direction. So it must go in straight lines."
en_02_012,en,en_02,en_hcverma,data/clips/en/en_02_012.wav,153.20,165.80,12.90,"So many of the physics phenomena can be explained just on the basis of symmetry of space, of medium and so on and this is one of them."
en_02_013,en,en_02,en_hcverma,data/clips/en/en_02_013.wav,167.40,176.10,9.00,"Now, light going in straight lines has a different aspect, interesting aspect. Suppose I have a point A, and suppose I have a point B."
en_02_014,en,en_02,en_hcverma,data/clips/en/en_02_014.wav,178.60,189.50,11.20,And the medium is homogeneous isotropic. So I say that light will take path from A to B which will be straight line path.
en_02_015,en,en_02,en_hcverma,data/clips/en/en_02_015.wav,190.10,201.00,11.20,"it will go like this, not like this, or not like this, and so on. Okay, so these paths are not allowed. This path, light takes this path."
en_02_016,en,en_02,en_hcverma,data/clips/en/en_02_016.wav,202.10,211.00,9.20,You can also say that light has taken a path which is minimum of length of all neighboring paths.
en_02_017,en,en_02,en_hcverma,data/clips/en/en_02_017.wav,212.90,223.60,11.00,"or in terms of time, light has chosen a path which takes it least time to reach from the given point A to the given point B."
en_02_018,en,en_02,en_hcverma,data/clips/en/en_02_018.wav,224.40,230.00,5.90,Now this simple statement is a great principle known as Fermat's principle.
en_02_019,en,en_02,en_hcverma,data/clips/en/en_02_019.wav,248.90,268.20,19.60,"It's not only true for homogeneous isotropic media, even if you have certain lenses, mirrors, some optical elements, then also if you are given two points, it has to choose a path which takes least time. In a given situation, that means all your optical elements are given."
en_02_020,en,en_02,en_hcverma,data/clips/en/en_02_020.wav,270.70,285.50,15.10,"What is optical elements? Mirrors, lens, prism, like that. So in a given situation, light chooses a path."
en_02_021,en,en_02,en_hcverma,data/clips/en/en_02_021.wav,288.00,300.40,12.70,for going from one point from one given point
en_02_022,en,en_02,en_hcverma,data/clips/en/en_02_022.wav,306.70,320.10,13.70,to the other given point. So two points are given A and B such that
en_02_023,en,en_02,en_hcverma,data/clips/en/en_02_023.wav,323.20,328.70,5.80,It takes least time.
en_02_024,en,en_02,en_hcverma,data/clips/en/en_02_024.wav,334.50,344.40,10.20,"Okay, so this is called Fermat's principle. In a given situation, that means with all your lenses and mirrors etcetera fixed, light chooses a path."
en_02_025,en,en_02,en_hcverma,data/clips/en/en_02_025.wav,345.00,355.60,10.90,for going from one given point to the other given point such that it takes least times. This is known as Fermat's principle and you apply it here in the homogeneous
en_02_026,en,en_02,en_hcverma,data/clips/en/en_02_026.wav,355.60,366.20,10.90,"this isotropic medium, it just turns out to be a straight line. There are more fancy descriptions for this principle, but this is good enough."
en_02_027,en,en_02,en_hcverma,data/clips/en/en_02_027.wav,367.80,378.40,10.90,"Now, the next simplest situation is when light goes in a homogeneous isotropic medium, going in straight lines."
en_02_028,en,en_02,en_hcverma,data/clips/en/en_02_028.wav,379.10,385.90,7.10,Meets a plane reflecting surface and then it reflects in the same medium back.
en_02_029,en,en_02,en_hcverma,data/clips/en/en_02_029.wav,386.70,395.70,9.30,Now this reflection of light we are all familiar with. We use plain mirrors and other things and we see our own images and all that.
en_02_030,en,en_02,en_hcverma,data/clips/en/en_02_030.wav,396.40,411.10,15.00,So there are certain rules for this reflection from a plane mirror or a plane surface and we will explore these rules. Here you can see we have this
en_02_031,en,en_02,en_hcverma,data/clips/en/en_02_031.wav,411.70,425.10,13.70,"Mirror, this horizontal surface is mirror. And on this mirror, light is incident, this red light you can see, this is incident. It is coming from this laser torch here, it's coming here."
en_02_032,en,en_02,en_hcverma,data/clips/en/en_02_032.wav,426.50,440.00,13.80,and then going along the surface of this vertical plate like this. and then it also returns along the surface of the same vertical plane.
en_02_033,en,en_02,en_hcverma,data/clips/en/en_02_033.wav,440.80,455.50,15.00,"And on this vertical plane, you can see a line, red line that we have drawn. This line is normal to this horizontal reflecting surface. So you have normal"
en_02_034,en,en_02,en_hcverma,data/clips/en/en_02_034.wav,456.10,469.20,13.40,"You have incident light, you have reflected light, and all these three are in the same vertical plane made by this plate. So that is first law of reflection, the incident ray."
en_02_035,en,en_02,en_hcverma,data/clips/en/en_02_035.wav,469.80,482.60,13.10,"the reflected ray and the normal to the reflecting surface, they are in one plane. And then the angles, the angle between the incident ray"
en_02_036,en,en_02,en_hcverma,data/clips/en/en_02_036.wav,483.30,489.70,6.70,"And this normal, this angle is known as the angle of incidence. The angle between the normal"
en_02_037,en,en_02,en_hcverma,data/clips/en/en_02_037.wav,490.20,504.70,14.80,and the reflected ray is known as the angle of reflection I and R and the law says that I should be equal to R. So with these two laws of reflection
en_02_038,en,en_02,en_hcverma,data/clips/en/en_02_038.wav,505.80,515.00,9.50,"And doing some geometry, you can easily see how a plain mirror makes images of some objects."
en_02_039,en,en_02,en_hcverma,data/clips/en/en_02_039.wav,516.00,529.80,14.10,"So, incident ray, reflected ray, and the normal to the surface, reflecting surface, they are in the same plane, that's your first law. And I'll only show that plane on the board."
en_02_040,en,en_02,en_hcverma,data/clips/en/en_02_040.wav,530.30,544.80,14.80,"So my mirror is horizontal, plane of incidence is vertical, and therefore in that plane of incidence, you will only have a line of the mirror. So that line I will draw for mirror. So here is that line."
en_02_041,en,en_02,en_hcverma,data/clips/en/en_02_041.wav,546.50,561.20,15.00,"which I call mirror. And suppose you have a point object here, very small object here. Maybe some LED or something which emits light in all directions."
en_02_042,en,en_02,en_hcverma,data/clips/en/en_02_042.wav,562.20,571.30,9.40,"Now let me draw a perpendicular and at the same distance here, I just consider a point."
en_02_043,en,en_02,en_hcverma,data/clips/en/en_02_043.wav,573.00,586.50,13.80,"at the same distance here. This distance and this distance should be equal. Let me put a point here. Now, do this geometry, show that any incident light ray"
en_02_044,en,en_02,en_hcverma,data/clips/en/en_02_044.wav,588.50,602.40,14.20,When reflected will
en_02_045,en,en_02,en_hcverma,data/clips/en/en_02_045.wav,603.30,615.80,12.80,"Go through this point. It is reflected, but if you extend it on the other side, this reflected ray, when extended on this side, must pass through this. And this is true for all reflected rays."
en_02_046,en,en_02,en_hcverma,data/clips/en/en_02_046.wav,617.00,631.30,14.60,"For whatever reflected ray you take, suppose you have yet another incident light here. And then in which direction it will go after reflection?"
en_02_047,en,en_02,en_hcverma,data/clips/en/en_02_047.wav,635.70,644.10,8.70,"It will go in this direction so that when you extend it on the other side, it passes through the same point I."
en_02_048,en,en_02,en_hcverma,data/clips/en/en_02_048.wav,645.00,658.00,13.30,"I will call this I as point of intersection of reflected rays. The rays are going in this direction, but when you extend, they intersect here. So this point is"
en_02_049,en,en_02,en_hcverma,data/clips/en/en_02_049.wav,658.60,671.50,13.20,point of intersection of reflected rays and that is the image. All reflected rays they intersect at the same point.
en_02_050,en,en_02,en_hcverma,data/clips/en/en_02_050.wav,672.10,686.90,15.10,"So this image, this object here, all rays starting from here, they after reflection intersect at one point. And this is the image of this object."
en_02_051,en,en_02,en_hcverma,data/clips/en/en_02_051.wav,687.60,699.90,12.60,"And if you have an extended object, then at this point, only those reflected rays will intersect which pass through this which started."
en_02_052,en,en_02,en_hcverma,data/clips/en/en_02_052.wav,700.60,712.80,12.50,"from this point of this extended object. If you think of some other point of the object, then all the rays which are starting from here,"
en_02_053,en,en_02,en_hcverma,data/clips/en/en_02_053.wav,713.30,728.10,15.10,"After reflection, they will intersect at some other point, not at this point, at some other point. And therefore, you get an image of this quantity somewhere here."
en_02_054,en,en_02,en_hcverma,data/clips/en/en_02_054.wav,729.50,740.40,11.20,"So the important point is for image formation. In that image and in that object, there is a point to point correspondence. One point"
en_02_055,en,en_02,en_hcverma,data/clips/en/en_02_055.wav,741.10,752.40,11.60,corresponds to one particular point here. All the rays starting from here after reflection must intersect after extension of course at that point.
en_02_056,en,en_02,en_hcverma,data/clips/en/en_02_056.wav,753.20,759.90,7.00,"At this point, only rays which start from here, only they can intersect here and so on. So,"
en_02_057,en,en_02,en_hcverma,data/clips/en/en_02_057.wav,760.30,776.90,16.90,That one to one correspondence makes the image. And you can do the geometry that your image the distance of image from the mirror is same as the distance of object from the mirror and they are on that perpendicular line and all that.
en_02_058,en,en_02,en_hcverma,data/clips/en/en_02_058.wav,778.10,785.10,7.30,"Now you know how images are formed, and there's a very simple experiment that you can do."
en_02_059,en,en_02,en_hcverma,data/clips/en/en_02_059.wav,786.20,799.90,14.00,"to check that yes, angle of incidence is same as angle of reflection and I'll just do that here. So I have this plain mirror here in this stand."
en_02_060,en,en_02,en_hcverma,data/clips/en/en_02_060.wav,800.70,810.70,10.30,And I have two similar pens. So one of the pens I am placing in front of this mirror.
en_02_061,en,en_02,en_hcverma,data/clips/en/en_02_061.wav,813.40,824.70,11.60,So you should be able to see the pen as well as image. And then I take the other pen and I place it on the other side of the mirror.
en_02_062,en,en_02,en_hcverma,data/clips/en/en_02_062.wav,826.50,840.00,13.65,"And the orientation should be such that the four things that you are seeing, the two pens and the two images, they seem like two straight lines intersecting each other. So I can change the orientation."
hi_01_000,hi,hi_01,hi_kahanisuno,data/clips/hi/hi_01_000.wav,0.00,12.90,13.05,"जाने के बाद दूसरी सगाई की, तो उसके लड़के रग्गू के लिए बुरे दिन आ गए। रग्गू की उम्र उस समय केवल 10 वर्ष की थी। चैन से गांव में गुल्ली डंडा खेलता फिरता था।"
hi_01_001,hi,hi_01,hi_kahanisuno,data/clips/hi/hi_01_001.wav,13.90,24.70,11.10,मां के आते ही चक्की में झुटना पड़ा। पन्ना रूपवती स्त्री थी और रूप और गर्व में चोली दामन का नाता है। वह अपने हाथों से कोई काम ना करती।
hi_01_002,hi,hi_01,hi_kahanisuno,data/clips/hi/hi_01_002.wav,25.40,38.10,13.00,"गोबर रग्घु निकालता, बैलों को सानी रग्घु देता। रग्घु ही जूठे बर्तन मांजता। भोला की आँखें कुछ ऐसी फिरी कि उसे अब रग्घु में बुराइयाँ ही बुराइयाँ नज़र आती।"
hi_01_003,hi,hi_01,hi_kahanisuno,data/clips/hi/hi_01_003.wav,38.90,53.30,14.70,पन्ना की बातों को वो प्राचीन मर्यादा अनुसार आँखें बंद करके मान लेता था। रघु की शिकायतों की ज़रा परवाह ना करता। नतीजा ये हुआ कि रघु ने शिकायत करना ही छोड़ दिया। किसके सामने रोए?
hi_01_004,hi,hi_01,hi_kahanisuno,data/clips/hi/hi_01_004.wav,54.40,66.50,12.40,"बाप ही नहीं, सारा गांव उसका दुश्मन था। बड़ा जिद्दी लड़का है। पन्ना को तो कुछ समझता ही नहीं। बेचारी उसका दुलार करती है, खिलाती पिलाती है। यह सब उसी का फल है।"
hi_01_005,hi,hi_01,hi_kahanisuno,data/clips/hi/hi_01_005.wav,67.50,80.30,13.10,दूसरी औरत होती तो निबाह ना होता। वह तो कहो पन्ना इतनी सीधी सादी है कि निबाह होता जाता है। सबल की शिकायतें सब सुनते हैं निर्बल की फरियाद भी कोई नहीं सुनता।
hi_01_006,hi,hi_01,hi_kahanisuno,data/clips/hi/hi_01_006.wav,81.30,95.80,14.80,"रग्घु का हृदय माँ की ओर से दिन दिन फटता जाता था। यहाँ तक कि आठ साल गुज़र गए। और एक दिन भोला के नाम भी मृत्यु का संदेश आ पहुँचा। पन्ना के चार बच्चे थे, तीन बेटे और एक बेटी।"
hi_01_007,hi,hi_01,hi_kahanisuno,data/clips/hi/hi_01_007.wav,96.50,108.80,12.60,इतना बड़ा खर्च और कमाने वाला कोई नहीं। रग्गू अब क्यों बात पूछने लगा? यह मानी हुई बात थी। अपनी स्त्री लाएगा और अलग रहेगा। स्त्री आकर और भी आग लगाएगी।
hi_01_008,hi,hi_01,hi_kahanisuno,data/clips/hi/hi_01_008.wav,109.90,121.70,12.10,"पन्ना को चारों ओर अंधेरा ही अंधेरा दिखाई देता था, पर कुछ भी हो वो रघु की आश्रयत बनकर घर में ना रहेगी, जिस घर में उसने राज किया उसमें अब लौंडी ना बनेगी।"
hi_01_009,hi,hi_01,hi_kahanisuno,data/clips/hi/hi_01_009.wav,122.50,134.70,12.50,"जिस लौंडे को अपना गुलाम समझा उसका मुंह ना ताकेगी। वह सुंदर थी, अवस्था अभी कुछ ऐसी ज़्यादा न थी। जवानी अपनी पूरी बहार पर थी। क्या वह कोई दूसरा घर नहीं कर सकती?"
hi_01_010,hi,hi_01,hi_kahanisuno,data/clips/hi/hi_01_010.wav,135.60,144.90,9.60,यही ना होगा लोग हसेंगे बला से। उसकी बिरादरी में क्या ऐसा होता नहीं? ब्राह्मण ठाकुर थोड़ी ही थे कि नाक कट जाएगी।
hi_01_011,hi,hi_01,hi_kahanisuno,data/clips/hi/hi_01_011.wav,146.00,160.90,15.20,"यह तो उन्हीं ऊंची जातों में होता है कि घर में चाहे जो कुछ करो, बाहर पर्दा ढका रहे। वह तो संसार को दिखाकर दूसरा घर कर सकती है, फिर वह रग्गू की दबेल बनकर क्यों रहे? भोला को मरे एक महीना गुजर चुका था।"
hi_01_012,hi,hi_01,hi_kahanisuno,data/clips/hi/hi_01_012.wav,161.30,173.90,12.90,"संध्या हो गई थी। पन्ना इसी चिंता में थी कि सहसा उसे ख्याल आया लड़के घर में नहीं हैं। यह बैलों के लौटने की बेला है, कहीं कोई लड़का उनके नीचे ना आ जाए।"
hi_01_013,hi,hi_01,hi_kahanisuno,data/clips/hi/hi_01_013.wav,174.80,189.50,15.00,"आप द्वार पर कौन हैं जो उनकी देखभाल करेगा? रग्गू को मेरे लड़के फूटी आँखों नहीं भाते, कभी हंसकर नहीं बोलता। घर से बाहर निकली तो देखा रग्गू सामने झोपड़े में बैठा ऊख की गंडेरिया बना रहा है।"
hi_01_014,hi,hi_01,hi_kahanisuno,data/clips/hi/hi_01_014.wav,190.40,202.50,12.40,लड़के उसे घेरे खड़े हैं और छोटी लड़की उसकी गर्दन में हाथ डाले उसकी पीठ पर सवार होने की चेष्टा कर रही है। पन्ना को अपनी आँखों पर विश्वास ना आया। आज तो यह नई बात है।
hi_01_015,hi,hi_01,hi_kahanisuno,data/clips/hi/hi_01_015.wav,203.10,217.60,14.80,"शायद दुनिया को दिखाता है कि मैं अपने भाइयों को कितना चाहता हूँ और मन में छुरी रखी हुई है। घात मिले तो जान ही ले ले। काला सांप है काला सांप। कठोर स्वर में बोली, तुम सब के सब यहाँ क्या करते हो?"
hi_01_016,hi,hi_01,hi_kahanisuno,data/clips/hi/hi_01_016.wav,218.20,231.70,13.80,"घर में जाओ, साँझ की बेला है, गोरू आते होंगे। रघु ने विनीत नेत्रों से देखकर कहा, मैं तो हूँ ही काकी, डर किस बात का? बड़ा लड़का केदार बोला, काकी!"
hi_01_017,hi,hi_01,hi_kahanisuno,data/clips/hi/hi_01_017.wav,232.20,242.80,10.90,"रघु दादा ने हमारे लिए दो गाड़ियां बना दी हैं। यह देख, एक पर हम और खुन्नू बैठेंगे, दूसरी पर लक्ष्मण और झुनिया। दादा दोनों गाड़ियां खींचेंगे।"
hi_01_018,hi,hi_01,hi_kahanisuno,data/clips/hi/hi_01_018.wav,243.70,258.20,14.80,"यह कहकर वह एक कोने से दो छोटी-छोटी गाड़ियाँ निकाल लाया। चार-चार पहिए लगे थे। बैठने के लिए तख्ते और रोक के लिए दोनों तरफ बाज़ू थे। पन्ना ने आश्चर्य से पूछा, यह गाड़ियाँ किसने बनाईं?"
hi_01_019,hi,hi_01,hi_kahanisuno,data/clips/hi/hi_01_019.wav,259.20,272.20,13.30,"केदार ने चिढ़कर कहा, रग्गू दादा ने बनाई है और किसने? भगत के घर से बसूला और रुखानी मांग लाए और चटपट बना दी। खूब दौड़ती है काकी। बैठ खुन्नू मैं खींचू?"
hi_01_020,hi,hi_01,hi_kahanisuno,data/clips/hi/hi_01_020.wav,273.60,287.90,14.60,"खुन्नू गाड़ी में बैठ गया। केदार खींचने लगा। चर चर शोर हुआ मानो गाड़ी भी इस खेल में लड़कों के साथ शरीक है। लक्ष्मण ने दूसरी गाड़ी में बैठकर कहा, दादा खींचो!"
hi_01_021,hi,hi_01,hi_kahanisuno,data/clips/hi/hi_01_021.wav,289.20,302.70,13.80,रघु ने झुनिया को भी गाड़ी में बिठा लिया और गाड़ी खींचता हुआ दौड़ा। तीनों लड़के तालियां बजाने लगे। पन्ना चकित नेत्रों से यह दृश्य देख रही थी और सोच रही थी कि यह वही रघु है या कोई और।
hi_01_022,hi,hi_01,hi_kahanisuno,data/clips/hi/hi_01_022.wav,303.60,318.60,15.30,"थोड़ी देर के बाद, दोनों गाड़ियां लौटी। लड़के घर में जाकर इस यान यात्रा के अनुभव बयान करने लगे। कितने खुश थे सब, मानो हवाई जहाज पर बैठ आए हों। खुन्नू ने कहा,"
hi_01_023,hi,hi_01,hi_kahanisuno,data/clips/hi/hi_01_023.wav,319.40,334.10,15.00,काकी सब पेड़ दौड़ रहे थे। लक्ष्मण और बच्छिया कैसी भागी? सब की सब दौड़ी। केदार काकी रघु दादा दोनों गाड़ियां एक साथ खींच ले जाते हैं। झुनिया सबसे छोटी थी।
hi_01_024,hi,hi_01,hi_kahanisuno,data/clips/hi/hi_01_024.wav,335.10,346.80,12.00,"उसकी व्यंजना शक्ति उछल कूद और नेत्रों तक परिमित थी। तालियाँ बजा बजा कर नाच रही थी। खुन्नू, अब हमारे घर गाय भी आ जाएगी काकी?"
hi_01_025,hi,hi_01,hi_kahanisuno,data/clips/hi/hi_01_025.wav,347.40,360.20,13.10,"रघु दादा ने गिरधारी से कहा है कि हमें एक गाय ला दो। गिरधारी बोला कल लाऊंगा। केदार, तीन सेर दूध देती है काकी? खूब दूध पिएंगे।"
hi_01_026,hi,hi_01,hi_kahanisuno,data/clips/hi/hi_01_026.wav,361.20,374.20,13.30,"इतने में रग्घू भी अंदर आ गया। पन्ना ने अवहेलना की दृष्टि से देखकर पूछा, क्यों रग्घू? तुमने गिरधारी से कोई गाय मांगी है? रग्घू ने क्षमा प्रार्थना के भाव से कहा।"
hi_01_027,hi,hi_01,hi_kahanisuno,data/clips/hi/hi_01_027.wav,375.20,389.90,15.00,हाँ मांगी तो है। कल आवेगा। पन्ना। रुपये किसके घर से आएंगे यह कभी सोचा है? रघु। सब सोच लिया है काकी। मेरी यह मुहर नहीं है।
hi_01_028,hi,hi_01,hi_kahanisuno,data/clips/hi/hi_01_028.wav,390.70,405.70,15.30,"इसके ₹25 मिल रहे हैं, ₹5 बछिया के मुजरा दे दूंगा। बस गाय अपनी हो जाएगी। पन्ना सन्नाटे में आ गई। अब उसका अविश्वासी मन भी रघु के प्रेम और सज्जनता को अस्वीकार न कर सका।"
hi_01_029,hi,hi_01,hi_kahanisuno,data/clips/hi/hi_01_029.wav,406.40,420.30,14.20,"बोली, मोहर को क्यों बेची देते हो? गाय की अभी कौन जल्दी है? हाथ में पैसे हो जाए तो ले लेना। सूना सूना गला अच्छा ना लगेगा। इतने दिनों गाय नहीं रही तो क्या लड़के नहीं जिए?"
hi_01_030,hi,hi_01,hi_kahanisuno,data/clips/hi/hi_01_030.wav,421.60,435.90,14.60,रघु दार्शनिक भाव से बोला। बच्चों के खाने पीने के यही दिन है काकी। इस उम्र में ना खाया तो फिर क्या खाएंगे? मुहर पहनना मुझे अच्छा भी नहीं मालूम होता। लोग समझेंगे कि बाप तो मर गया।
hi_01_031,hi,hi_01,hi_kahanisuno,data/clips/hi/hi_01_031.wav,436.30,449.40,13.40,इसे मोहर पहनने की सूझी है। भोला महत तो गाय की चिंता ही में चल बसे। ना रुपये आए और ना गाय मिली। मजबूर थे। रघु ने यह समस्या कितनी सुगमता से हल कर दी।
hi_01_032,hi,hi_01,hi_kahanisuno,data/clips/hi/hi_01_032.wav,450.80,464.30,13.80,"आज जीवन में पहली बार पन्ना को रघु पर विश्वास आया। बोली, जब गहना ही बेचना है, तो अपनी मोहर क्यों बेचोगे? मेरी हंसली ले लेना। रघु, नहीं काकी।"
hi_01_033,hi,hi_01,hi_kahanisuno,data/clips/hi/hi_01_033.wav,465.20,479.90,15.00,"वह तुम्हारे गले में बहुत अच्छी लगती है। मर्दों को क्या, मोहर पहने या ना पहने? पन्ना, चल, मैं बूढ़ी हुई। अब हंसली पहनकर क्या करना है? तू अभी लड़का है, तेरा गला अच्छा ना लगेगा।"
hi_01_034,hi,hi_01,hi_kahanisuno,data/clips/hi/hi_01_034.wav,481.00,491.70,11.00,"रग्गू मुस्कुराकर बोला, तुम अभी से कैसी बूढ़ी हो गई? गांव में कौन है तुम्हारे बराबर? रग्गू की सरल आलोचना ने पन्ना को लज्जित कर दिया।"
hi_01_035,hi,hi_01,hi_kahanisuno,data/clips/hi/hi_01_035.wav,492.60,504.40,12.10,उसके रूखे मुरझाए मुख पर प्रसन्नता की लाली दौड़ गई। पांच साल गुजर गए। रघु का सा मेहनती ईमानदार बात का धनी दूसरा किसान गांव में ना था।
hi_01_036,hi,hi_01,hi_kahanisuno,data/clips/hi/hi_01_036.wav,505.30,518.50,13.50,"पन्ना की इच्छा के बिना कोई काम न करता, उसकी उम्र अब 23 साल की हो गई थी। पन्ना बार-बार कहती, भैया बहू को विदा करा लाओ, कब तक नेहर में पड़ी रहेगी?"
hi_01_037,hi,hi_01,hi_kahanisuno,data/clips/hi/hi_01_037.wav,519.00,532.60,13.90,"सब लोग मुझ ही को बदनाम करते हैं कि यही बहू को नहीं आने देती, मगर रघु टाल देता। कहता कि अभी जल्दी क्या है? उसे अपनी स्त्री के रंग ढंग का कुछ परिचय दूसरों से मिल चुका था।"
hi_01_038,hi,hi_01,hi_kahanisuno,data/clips/hi/hi_01_038.wav,533.60,546.00,12.70,"ऐसी औरत को घर में लाकर वह अपनी शांति में बाधा नहीं डालना चाहता था। आखिर एक दिन पन्ना ने ज़िद करके कहा, तो तुम ना लाओगे? कह दिया कि अभी कोई जल्दी नहीं।"
hi_01_039,hi,hi_01,hi_kahanisuno,data/clips/hi/hi_01_039.wav,546.60,560.40,14.10,"तुम्हारे लिए जल्दी ना होगी, मेरे लिए तो जल्दी है। मैं आज आदमी भेजती हूँ। पछताओगी काकी। उसका मिज़ाज़ अच्छा नहीं है। तुम्हारी बला से? जब मैं उससे बोलूँगी ही नहीं, तो क्या हवा से लड़ेगी?"
hi_01_040,hi,hi_01,hi_kahanisuno,data/clips/hi/hi_01_040.wav,561.40,576.30,15.20,रोटियां तो बना लेगी। मुझसे भीतर बाहर का सारा काम नहीं होता। मैं आज बुलाई लेती हूँ। बुलाना चाहती हो बुला लो। मगर फिर ये ना कहना कि ये मेहरिया को ठीक नहीं करता। उसका गुलाम हो गया।
hi_01_041,hi,hi_01,hi_kahanisuno,data/clips/hi/hi_01_041.wav,577.20,591.30,14.40,ना कहूंगी। जाकर दो साड़ियां और मिठाई ले आ। तीसरे दिन मुलिया मैके से आ गई। दरवाजे पर नगाड़े बजे। शहनाइयों की मधुर ध्वनि आकाश में गूंजने लगी। मुंह दिखावे की रस्म अदा हुई।
hi_01_042,hi,hi_01,hi_kahanisuno,data/clips/hi/hi_01_042.wav,592.10,605.80,14.00,"वह इस मरुभूमि में निर्मल जलधारा थी, गेहूँ का रंग था, बड़ी-बड़ी नुकीली पलकें, कपोलों पर हल्की सुर्खी, आँखों में प्रबल आकर्षण। रघु उसे देखते ही मंत्रमुग्ध हो गया।"
hi_01_043,hi,hi_01,hi_kahanisuno,data/clips/hi/hi_01_043.wav,607.10,619.90,13.10,"प्रातःकाल पानी का घड़ा लेकर चलती, तब उसका गेहुआ रंग प्रभात की सुनहरी किरणों से कुंदन हो जाता। मानो उषा अपनी सारी सुगंध, सारा विकास और उन्माद लिए मुस्कुराती चली जाती हो।"
hi_01_044,hi,hi_01,hi_kahanisuno,data/clips/hi/hi_01_044.wav,621.90,634.80,13.20,मुलिया मैके से ही जली भुनी आई थी। मेरा शौहर छाती फाड़कर काम करे और पन्ना रानी बनी बैठी रहे। उसके लड़के रईस जादे बने घूमे। मुलिया से यह बर्दाश्त ना होगा।
hi_01_045,hi,hi_01,hi_kahanisuno,data/clips/hi/hi_01_045.wav,635.50,650.20,15.00,"वह किसी की गुलामी ना करेगी। अपने लड़के तो अपने होते ही नहीं, भाई किसके होते हैं? जब तक पर नहीं निकलते हैं, रग्गू को घेरे हुए हैं। ज्यों ही ज़रा सयाने हुए, पर झाड़ कर निकल जाएंगे, बात भी ना पूछेंगे।"
hi_01_046,hi,hi_01,hi_kahanisuno,data/clips/hi/hi_01_046.wav,651.30,665.80,14.80,"एक दिन उसने रग्घु से कहा, तुम्हें इस तरह गुलामी करनी हो तो कर मुझसे ना होगी। रग्घु, तो फिर क्या करूं? तू ही बता। लड़के तो अभी घर का काम करने लायक भी नहीं हैं। मुलिया।"
hi_01_047,hi,hi_01,hi_kahanisuno,data/clips/hi/hi_01_047.wav,666.10,678.50,12.70,"लड़के रावत के हैं, कुछ तुम्हारे नहीं हैं। यही पन्ना है जो तुम्हें दाने दाने को तरसाती थी। सब सुन चुकी हूँ, मैं लौंडी बनकर ना रहूँगी। रुपये पैसे का मुझे हिसाब नहीं मिलता।"
hi_01_048,hi,hi_01,hi_kahanisuno,data/clips/hi/hi_01_048.wav,679.10,693.40,14.60,"ना जाने तुम क्या लाते हो और वो क्या करती है। तुम समझते हो रुपए घर ही में तो हैं, मगर देख लेना तुम्हें जो एक फूटी कौड़ी भी मिले। रघु, रुपए पैसे तेरे हाथ में देने लगूं तो दुनिया क्या कहेगी?"
hi_01_049,hi,hi_01,hi_kahanisuno,data/clips/hi/hi_01_049.wav,694.00,708.90,15.20,"यह तो सोच। मुलिया, दुनिया के हाथों बिकी नहीं हूं। देख लेना भाड़ लीप कर हाथ काला ही रहेगा। फिर तुम अपने भाइयों के लिए मरो, मैं क्यों मरूं? रघु ने कुछ जवाब ना दिया।"
hi_01_050,hi,hi_01,hi_kahanisuno,data/clips/hi/hi_01_050.wav,709.90,723.00,13.40,"उसे जिस बात का भय था, वह इतनी जल्द सिर पर आ पड़ी। अब अगर उसने बहुत तत्थो थंभो किया, तो साल छह महीने और काम चलेगा। बस आगे यह डोंगा चलता नजर नहीं आता।"
hi_01_051,hi,hi_01,hi_kahanisuno,data/clips/hi/hi_01_051.wav,724.00,736.00,12.30,बकरे की माँ कब तक खैर मनाएगी? एक दिन पन्ना ने महुए का सुखावन डाला। बरसात शुरू हो गई थी। बखार में अनाज गीला हो रहा था। मुलिया से बोली।
hi_01_052,hi,hi_01,hi_kahanisuno,data/clips/hi/hi_01_052.wav,736.60,751.10,14.80,"बहू, ज़रा देखती रहना मैं तालाब से नहा आऊँ। मुलिया ने लापरवाही से कहा, मुझे नींद आ रही है, तुम बैठकर देखो। एक दिन ना नहाओगी तो क्या होगा? पन्ना ने साड़ी उतार कर रख दी। नहाने ना गई।"
hi_01_053,hi,hi_01,hi_kahanisuno,data/clips/hi/hi_01_053.wav,752.20,765.00,13.10,"मुलिया का वार खाली गया। कई दिन के बाद एक शाम को पन्ना धान रोप कर लौटी। अंधेरा हो गया था। दिन भर की भूखी थी, आशा थी बहू ने रोटी बना रखी होगी।"
hi_01_054,hi,hi_01,hi_kahanisuno,data/clips/hi/hi_01_054.wav,765.70,779.20,13.80,"मगर देखा तो यहां चूल्हा ठंडा पड़ा हुआ था और बच्चे मारे भूख के तड़प रहे थे। पन्ना ने आहिस्ते से पूछा, आज अभी चूल्हा नहीं जला? केदार ने कहा,"
hi_01_055,hi,hi_01,hi_kahanisuno,data/clips/hi/hi_01_055.wav,780.20,794.20,14.30,"आज दोपहर को भी चूल्हा नहीं जला काकी। भाभी ने कुछ बनाया ही नहीं। पन्ना, तो तुम लोगों ने खाया क्या? केदार, कुछ नहीं रात की रोटियां थी। खुन्नू और लक्ष्मण ने खाई।"
hi_01_056,hi,hi_01,hi_kahanisuno,data/clips/hi/hi_01_056.wav,794.90,808.60,14.00,"मैंने सत्तू खा लिया। पन्ना और बहू केदार। वो पड़ी सो रही है, कुछ नहीं खाया। पन्ना ने उसी वक्त चूल्हा जलाया और खाना बनाने बैठ गई।"
hi_01_057,hi,hi_01,hi_kahanisuno,data/clips/hi/hi_01_057.wav,810.00,824.10,14.40,"आटा गूँथती थी और रोती थी। क्या नसीब है? दिन भर खेत में जली, घर आई तो चूल्हे के सामने चलना पड़ा। केदार का चौदहवाँ साल था। भाभी के रंग ढंग देखकर सारी स्थिति समझ रहा था।"
hi_01_058,hi,hi_01,hi_kahanisuno,data/clips/hi/hi_01_058.wav,824.60,838.30,14.00,"बोला, काकी, भाभी अब तुम्हारे साथ रहना नहीं चाहती। पन्ना ने चौंक कर पूछा, क्या कुछ कहती थी? केदार, कहती कुछ नहीं थी मगर है उसके मन में यही बात।"
hi_01_059,hi,hi_01,hi_kahanisuno,data/clips/hi/hi_01_059.wav,839.60,854.30,15.00,"फिर तुम क्यों नहीं उसे छोड़ देती? जैसे चाहे रहे, हमारा भी भगवान है। पन्ना ने दांतों से जीभ दबाकर कहा, चुप, मेरे सामने ऐसी बात भूलकर भी ना करना। रग्गू तुम्हारा भाई नहीं, तुम्हारा बाप है।"
hi_01_060,hi,hi_01,hi_kahanisuno,data/clips/hi/hi_01_060.wav,855.00,867.00,12.30,मूलिया से कभी बोलोगे तो समझ लेना ज़हर खा लूँगी। दशहरे का त्यौहार आया। इस गाँव से कोस भर एक पूर्वे में मेला लगता था। गाँव के सब लड़के मेला देखने चले।
hi_01_061,hi,hi_01,hi_kahanisuno,data/clips/hi/hi_01_061.wav,867.90,880.60,13.00,"पन्ना भी लड़कों के साथ चलने को तैयार हुई, मगर पैसे कहाँ से आए? कुंजी तो मुलिया के पास थी। रग्गू ने मुलिया से कहा, लड़के मेले जा रहे हैं, सबों को दो-दो पैसे दे दो।"
hi_01_062,hi,hi_01,hi_kahanisuno,data/clips/hi/hi_01_062.wav,881.50,895.50,14.30,"मुलिया ने त्योरियाँ चढ़ाकर कहा, पैसे घर में नहीं हैं। रग्घु, अभी तो तेलहन बिका था, क्या इतनी जल्दी रुपए उठ गए? मुलिया, हाँ उठ गए। रग्घु।"
hi_01_063,hi,hi_01,hi_kahanisuno,data/clips/hi/hi_01_063.wav,895.90,908.40,12.80,"कहाँ उठ गए ज़रा सुनो? आज त्यौहार के दिन लड़के मेला देखने ना जाएंगे? मूलिया, अपनी काकी से कहो पैसे निकालें, गाड़ कर क्या करेंगी? खूंटी पर कुंजी लटक रही थी।"
hi_01_064,hi,hi_01,hi_kahanisuno,data/clips/hi/hi_01_064.wav,909.40,917.80,8.70,"रग्गू ने कुंजी उतारी और चाहा कि संदूक खोले कि मुलिया ने उसका हाथ पकड़ लिया और बोली, कुंजी मुझे दे दो नहीं तो ठीक ना होगा।"
hi_01_065,hi,hi_01,hi_kahanisuno,data/clips/hi/hi_01_065.wav,918.60,931.90,13.60,"खाने पहनने को भी चाहिए, कागज़ किताब को भी चाहिए, उस पर मेला देखने को भी चाहिए। हमारी कमाई इसलिए नहीं है कि दूसरे खाएं और मूछों पर ताव दें। पन्ना ने रग्गू से कहा, भैया पैसे क्या होंगे?"
hi_01_066,hi,hi_01,hi_kahanisuno,data/clips/hi/hi_01_066.wav,932.30,946.20,14.20,"लड़के मेला देखने ना जाएंगे। रग्गू ने झिड़क कर कहा, मेला देखने क्यों ना जाएंगे? सारा गांव जा रहा है, हमारे ही लड़के ना जाएंगे? यह कहकर रग्गू ने अपना हाथ छुड़ा लिया और पैसे निकालकर लड़कों को दे दिए।"
hi_01_067,hi,hi_01,hi_kahanisuno,data/clips/hi/hi_01_067.wav,947.00,961.50,14.80,"मगर कुंजी जब मुलिया को देने लगा, तब उसने उसे आंगन में फेंक दिया और मुंह लपेट कर लेट गई। लड़के मेला देखने ना गए। इसके बाद दो दिन गुजर गए। मुलिया ने कुछ नहीं खाया और पन्ना भी भूखी रही।"
hi_01_068,hi,hi_01,hi_kahanisuno,data/clips/hi/hi_01_068.wav,962.50,975.60,13.40,"रघु कभी इसे मनाता कभी उसे, पर ना यह उठती ना वह। आखिर रघु ने हैरान होकर मुलिया से पूछा, कुछ मुंह से तो कह चाहती क्या है? मुलिया ने धरती को संबोधित करके कहा।"
hi_01_069,hi,hi_01,hi_kahanisuno,data/clips/hi/hi_01_069.wav,977.20,991.10,14.20,"मैं कुछ नहीं चाहती। मुझे मेरे घर पहुंचा दो। रग्गू। अच्छा उठ, बना खा, पहुंचा दूंगा। मुलिया ने रग्गू की ओर आंखें उठाई। रग्गू उसकी सूरत देखकर डर गया।"
hi_01_070,hi,hi_01,hi_kahanisuno,data/clips/hi/hi_01_070.wav,991.60,1006.20,14.90,"वह माधुर्य, वह मोहकता, वह लावण्य गायब हो गया था। दांत निकल आए थे, आंखें फट गई थी और नथने फड़क रहे थे। अंगारी किसी लाल आंखों से देखकर बोली, अच्छा, तो काकी ने यह सलाह दी है?"
hi_01_071,hi,hi_01,hi_kahanisuno,data/clips/hi/hi_01_071.wav,1006.60,1020.70,14.40,यह मंत्र पढ़ाया है। तो यहां ऐसी कच्ची नहीं हूं। तुम दोनों की छाती पर मूंग धलूंगी। वो किस फेर में? रग्गू। अच्छा तो मूंग ही धल लेना। कुछ खा पी लेगी तभी तो मूंग धल सकेगी।
hi_01_072,hi,hi_01,hi_kahanisuno,data/clips/hi/hi_01_072.wav,1021.90,1034.70,13.10,मुलिया। अब तो तभी मुंह में पानी डालूंगी जब घर अलग हो जाएगा। बहुत झेल चुकी अब नहीं झेला जाता। रग्गू सन्नाटे में आ गया। एक मिनट तक उसके मुंह से आवाज ही ना निकली।
hi_01_073,hi,hi_01,hi_kahanisuno,data/clips/hi/hi_01_073.wav,1035.50,1049.60,14.40,अलग होने की उसने स्वप्न में भी कल्पना न की थी। उसने गांव में दो चार परिवारों को अलग होते देखा था। वह खूब जानता था रोटी के साथ लोगों के हृदय भी अलग हो जाते हैं। अपने हमेशा के लिए गैर हो जाते हैं।
hi_01_074,hi,hi_01,hi_kahanisuno,data/clips/hi/hi_01_074.wav,1050.30,1064.70,14.70,फिर उनमें वही नाता रह जाता है जो गांव के और आदमियों में। रघु ने मन में ठान लिया था कि इस विपत्ति को घर में ना आने दूंगा। मगर होनहार के सामने उसकी एक ना चली। मेरे मुंह में कालिख लगेगी।
hi_01_075,hi,hi_01,hi_kahanisuno,data/clips/hi/hi_01_075.wav,1065.20,1079.70,14.80,"दुनिया यही कहेगी कि बाप के मर जाने पर 10 साल भी एक में निबाह ना हो सका। फिर किससे अलग हो जाऊँ? जिनको गोद में खिलाया, जिनको बच्चों की तरह पाला, जिनके लिए तरह-तरह के कष्ट झेले।"
hi_01_076,hi,hi_01,hi_kahanisuno,data/clips/hi/hi_01_076.wav,1080.10,1093.30,13.50,"उन्हीं से अलग हो जाऊं? अपने प्यारों को घर से निकाल बाहर करूं? उसका गला फंस गया। कांपते हुए स्वर में बोला, तू क्या चाहती है कि मैं अपने भाइयों से अलग हो जाऊं? भला सोच तो!"
hi_01_077,hi,hi_01,hi_kahanisuno,data/clips/hi/hi_01_077.wav,1094.40,1107.80,13.70,"कहीं मुंह दिखाने लायक रहूंगा? मुलिया, तो मेरा इन लोगों के साथ निबाह ना होगा। रघु, तो तू अलग हो जा। मुझे अपने साथ क्यों घसीटती है?"
hi_01_078,hi,hi_01,hi_kahanisuno,data/clips/hi/hi_01_078.wav,1109.50,1124.10,14.90,मुलिया। तो मुझे क्या तुम्हारे घर में मिठाई मिलती है? मेरे लिए क्या संसार में जगह नहीं है? रग्गू। तेरी जैसी मर्जी। जहां चाहे रह। मैं अपने घर वालों से अलग नहीं हो सकता।
hi_01_079,hi,hi_01,hi_kahanisuno,data/clips/hi/hi_01_079.wav,1125.80,1140.00,14.50,"जिस दिन इस घर में दो चूल्हे जलेंगे, उस दिन मेरे कलेजे के दो टुकड़े हो जाएंगे। मैं यह चोट नहीं सह सकता। तुझे जो तकलीफ हो, वह मैं दूर कर सकता हूं। माल असबाब की मालकिन तू है ही।"
hi_01_080,hi,hi_01,hi_kahanisuno,data/clips/hi/hi_01_080.wav,1141.00,1153.20,12.50,अनाज पानी तेरे ही हाथ है। अब रह क्या गया है? अगर कुछ काम धंधा करना नहीं चाहती मत कर। भगवान ने मुझे समाई दी होती तो मैं तुझे तिनका तक उठाने ना देता।
hi_01_081,hi,hi_01,hi_kahanisuno,data/clips/hi/hi_01_081.wav,1154.30,1166.80,12.80,तेरे ये सुकुमार हाथ पांव मेहनत मजदूरी करने के लिए बनाए ही नहीं गए हैं। मगर क्या करूं? अपना कुछ बस ही नहीं है। फिर भी तेरा जी कोई काम करने को ना चाहे मत कर।
hi_01_082,hi,hi_01,hi_kahanisuno,data/clips/hi/hi_01_082.wav,1167.50,1180.80,13.60,मगर मुझसे अलग होने को ना कह। तेरे पैरों पड़ता हूं। मुलिया ने सिर से आंचल खिसकाया और जरा समीप आकर बोली। मैं काम से नहीं डरती। ना बैठे-बैठे खाना चाहती हूं।
hi_01_083,hi,hi_01,hi_kahanisuno,data/clips/hi/hi_01_083.wav,1181.80,1195.10,13.60,मगर मुझसे किसी की धौंस नहीं सही जाती। तुम्हारी ही काकी घर का कामकाज करती हैं तो अपने लिए करती हैं। अपने बाल बच्चों के लिए करती हैं। मुझ पर कुछ एहसान नहीं करती। फिर मुझ पर धौंस क्यों जमाती हैं?
hi_01_084,hi,hi_01,hi_kahanisuno,data/clips/hi/hi_01_084.wav,1196.00,1210.30,14.60,"उन्हें अपने बच्चे प्यारे होंगे, मुझे तो तुम्हारा आसरा है। मैं अपनी आँखों से यह नहीं देख सकती कि सारा घर तो चैन करे, ज़रा ज़रा से बच्चे तो दूध पिएं और जिसके बलबूते पर गृहस्थी बनी हुई है, वह मट्ठे को तरसे।"
hi_01_085,hi,hi_01,hi_kahanisuno,data/clips/hi/hi_01_085.wav,1211.00,1225.80,15.10,"कोई उसका पूछने वाला ना हो। ज़रा अपना मुँह तो देखो, कैसी सूरत निकल आई है। औरों के तो चार बरस में अपने पट्ठे तैयार हो जाएँगे, तुम तो दस साल में खाट पर पड़ जाओगे। बैठ जाओ, खड़े क्यों हो? क्या मार कर भागोगे?"
hi_01_086,hi,hi_01,hi_kahanisuno,data/clips/hi/hi_01_086.wav,1226.70,1241.60,15.20,मैं तुम्हें जबरदस्ती ना बांध लूंगी। यह मालकिन का हुक्म नहीं है। सच कहूं तुम बड़े कठ कलेजी हो। मैं जानती ऐसे निर्मोहिये से पाला पड़ेगा तो इस घर में भूल से ना आती। आती भी तो मन ना लगाती।
hi_01_087,hi,hi_01,hi_kahanisuno,data/clips/hi/hi_01_087.wav,1242.50,1255.20,13.00,"मगर अब तो मन तुमसे लग गया। घर भी जाऊं तो मन यहां ही रहेगा और तुम जो हो, मेरी बात नहीं पूछते। मुलिया की ये रसीली बातें रग्गू पर कोई असर ना डाल सकी। वो उसी रुखाई से बोला।"
hi_01_088,hi,hi_01,hi_kahanisuno,data/clips/hi/hi_01_088.wav,1256.20,1270.80,14.90,मुलिया मुझसे यह ना होगा। अलग होने का ध्यान करते ही मेरा मन ना जाने कैसा हो जाता है। यह चोट मुझसे ना सही जाएगी। मुलिया ने परिहास करके कहा। तो चूड़ियां पहनकर अंदर बैठो ना।
hi_01_089,hi,hi_01,hi_kahanisuno,data/clips/hi/hi_01_089.wav,1271.40,1285.20,14.10,लाओ मैं मूछे लगा लूं। यह तो समझती थी कि तुम में भी कुछ कसबल है। अब देखती हूं तो निरे मिट्टी के लौंदे हो। पन्ना दालान में खड़ी दोनों की बातचीत सुन रही थी। अब उससे ना रहा गया।
hi_01_090,hi,hi_01,hi_kahanisuno,data/clips/hi/hi_01_090.wav,1285.80,1296.80,11.30,"सामने आकर रग्गू से बोली, जब वो अलग होने पर तुली हुई है, फिर तुम क्यों उसे जबरदस्ती मिलाए रखना चाहते हो? तुम उसे लेकर रहो। हमारे भगवान मालिक हैं।"
hi_01_091,hi,hi_01,hi_kahanisuno,data/clips/hi/hi_01_091.wav,1297.80,1312.20,14.70,"जब महतो मर गए थे और कहीं पत्ती की भी छाँह ना थी। जब उस वक्त भगवान ने निबाह दिया, तो अब क्या डर? अब तो भगवान की दया से तीनों लड़के सयाने हो गए। अब कोई चिंता नहीं।"
hi_01_092,hi,hi_01,hi_kahanisuno,data/clips/hi/hi_01_092.wav,1313.50,1326.90,13.70,"रघु ने आंसू भरी आँखों से पन्ना को देखकर कहा, काकी, तू भी पागल हो गई है क्या? जानती नहीं, दो रोटियां होते ही दो मन हो जाते हैं। पन्ना।"
hi_01_093,hi,hi_01,hi_kahanisuno,data/clips/hi/hi_01_093.wav,1328.10,1340.20,12.40,जब वो मानती ही नहीं तब तुम क्या करोगे? भगवान की मर्जी होगी तो कोई क्या करेगा? परालब्ध में जितने दिन एक साथ रहना लिखा था उतने दिन रहे।
hi_01_094,hi,hi_01,hi_kahanisuno,data/clips/hi/hi_01_094.wav,1341.20,1353.50,12.60,अब उसकी यही मर्जी है तो यही सही। तुमने मेरे बाल बच्चों के लिए जो कुछ किया वो भूल नहीं सकती। तुमने इनके सिर हाथ ना रखा होता तो आज इनकी ना जाने क्या गत होती।
hi_01_095,hi,hi_01,hi_kahanisuno,data/clips/hi/hi_01_095.wav,1354.50,1367.90,13.70,ना जाने किसके द्वार पर ठोकरें खाते होते। ना जाने कहां कहां भीख मांगते फिरते। तुम्हारा चश्म और ते दम तक गाऊंगी। अगर मेरी खाल भी तुम्हारे जूते बनाने के काम आए।
hi_01_096,hi,hi_01,hi_kahanisuno,data/clips/hi/hi_01_096.wav,1368.90,1381.20,12.60,"तो खुशी से दे दो। चाहे तुमसे अलग हो जाओ, पर जिस घड़ी पुकारोगे कुत्ते की तरह दौड़ी आऊंगी। यह भूल कर भी ना सोचना कि तुमसे अलग होकर मैं तुम्हारा बुरा चेत होऊंगी।"
hi_01_097,hi,hi_01,hi_kahanisuno,data/clips/hi/hi_01_097.wav,1382.00,1395.40,13.70,जिस दिन तुम्हारा अनभल मेरे मन में आएगा उसी दिन विष खाकर मर जाऊंगी। भगवान करे तुम दूध हो नहा पूतो फल हो। मरते दम तक यही असीस मेरे रोए रोए से निकलती रहेगी।
hi_01_098,hi,hi_01,hi_kahanisuno,data/clips/hi/hi_01_098.wav,1395.90,1407.30,11.70,"और अगर लड़के भी अपने बाप के हैं, तो मरते दम तक तुम्हारा पोस मानेग। यह कहकर पन्ना रोती हुई वहां से चली गई। रग्गू वहीं मूर्ति की तरह बैठा रहा।"
hi_01_099,hi,hi_01,hi_kahanisuno,data/clips/hi/hi_01_099.wav,1408.50,1422.30,14.10,"आसमान की ओर टकटकी लगी थी और आँखों से आँसू बह रहे थे। पन्ना की बातें सुनकर मुलिया समझ गई कि अपने पौ बा रहे हैं। चटपट उठी, घर में झाड़ू लगाई, चूल्हा जलाया और कुएं से पानी लाने चली।"
hi_01_100,hi,hi_01,hi_kahanisuno,data/clips/hi/hi_01_100.wav,1423.10,1437.00,14.20,"उसकी टेक पूरी हो गई थी। गांव में स्त्रियों के दो दल होते हैं। एक बहुओं का, दूसरा सासों का। बहुएं सलाह और सहानुभूति के लिए अपने दल में जाती हैं। सासें अपने में।"
hi_01_101,hi,hi_01,hi_kahanisuno,data/clips/hi/hi_01_101.wav,1437.60,1450.90,13.60,"दोनों की पंचायतें अलग होती हैं। मुलिया को कुएं पर दो-तीन बहुएं मिल गई। एक ने पूछा, आज तो तुम्हारी बुढ़िया बहुत रो धो रही थी। मुलिया ने विजय के गर्व से कहा,"
hi_01_102,hi,hi_01,hi_kahanisuno,data/clips/hi/hi_01_102.wav,1451.70,1466.00,14.60,"इतने दिनों से घर की मालकिन बनी हुई है। राजपाट छोड़ते किसे अच्छा लगता है? बहन, मैं उनका बुरा नहीं चाहती, लेकिन एक आदमी की कमाई में कहाँ तक बरकत होगी? मेरे भी तो यही खाने पीने पहनने ओढ़ने के दिन हैं।"
hi_01_103,hi,hi_01,hi_kahanisuno,data/clips/hi/hi_01_103.wav,1466.60,1480.40,14.10,"अभी उनके पीछे मरो, फिर बाल बच्चे हो जाए उनके पीछे मरो। सारी जिंदगी रोते ही कट जाए। एक बहू, बुढ़िया यही चाहती है कि ये सब जन्म भर लौनी बनी रहे, मोटा झोटा खाएं और पड़ी रहे।"
hi_01_104,hi,hi_01,hi_kahanisuno,data/clips/hi/hi_01_104.wav,1481.30,1495.70,14.70,"दूसरी बहू। किस भरोसे पर कोई मरे? अपने लड़के तो बात नहीं पूछे। पराए लड़कों का क्या भरोसा? कल इनके हाथ पैर हो जाएंगे, फिर कौन पूछता है? अपनी अपनी मेहरियों का मुंह देखेंगे?"
hi_01_105,hi,hi_01,hi_kahanisuno,data/clips/hi/hi_01_105.wav,1496.50,1509.10,12.90,"पहले इसे फटकार देना अच्छा है। फिर तो कोई कलंक ना होगा। मुलिया पानी लेकर गई, खाना बनाया और रग्घु से बोली, जाओ नहाओ रोटी तैयार है। रग्घु ने मानो सुना ही नहीं।"
hi_01_106,hi,hi_01,hi_kahanisuno,data/clips/hi/hi_01_106.wav,1509.70,1522.30,12.90,"सिर पर हाथ रखकर द्वार की तरफ ताकता रहा। मुलिया, क्या कहती हूँ कुछ सुनाई देता है? रोटी तैयार है जाओ नहाओ। रघु, सुन तो रहा हूँ क्या बहरा हूँ?"
hi_01_107,hi,hi_01,hi_kahanisuno,data/clips/hi/hi_01_107.wav,1523.10,1536.30,13.50,"रोटी तैयार है तो जाकर खा ले मुझे भूख नहीं है। मूलिया ने फिर नहीं कहा। जाकर चूल्हा बुझा दिया, रोटियां उठाकर छींके पर रख दी और मुंह ढाक कर लेट रही। ज़रा देर में पन्ना आकर बोली।"
hi_01_108,hi,hi_01,hi_kahanisuno,data/clips/hi/hi_01_108.wav,1537.00,1551.90,15.20,"खाना तैयार है, नहा धोकर खा लूं, बहू भी भूखी होगी। रघु ने झुंझला कर कहा, काकी तू घर में रहने देगी या मुंह में कालिख लगाकर कहीं निकल जाऊं? खाना तो खाना ही है, आज ना खाऊंगा, कल खाऊंगा। लेकिन अभी मुझसे ना खाया जाएगा।"
hi_01_109,hi,hi_01,hi_kahanisuno,data/clips/hi/hi_01_109.wav,1553.20,1559.60,6.70,"केदार क्या अभी मदरसे से नहीं आया? पन्ना, अभी तो नहीं आया, आता ही होगा।"
hi_01_110,hi,hi_01,hi_kahanisuno,data/clips/hi/hi_01_110.wav,1561.20,1575.20,14.30,पर ना समझ गई कि जब तक वो खाना बनाकर लड़कों को ना खिलाएगी और खुद ना खाएगी रग्गू ना खाएगा। इतना ही नहीं उसे रग्गू से लड़ाई करनी पड़ेगी। उसे जली कटी सुनानी पड़ेगी। उसे यह दिखाना पड़ेगा कि मैं ही उससे अलग होना चाहती हूं।
hi_01_111,hi,hi_01,hi_kahanisuno,data/clips/hi/hi_01_111.wav,1575.70,1589.40,14.00,"नहीं तो वो इसी चिंता में घुल घुल कर प्राण दे देगा। यह सोचकर उसने अलग चूल्हा जलाया और खाना बनाने लगी। इतने में केदार और खुन्नू मदरसे से आ गए। पन्ना ने कहा, आओ बेटा खा लो।"
hi_01_112,hi,hi_01,hi_kahanisuno,data/clips/hi/hi_01_112.wav,1589.80,1603.70,14.20,"रोटी तैयार है। केदार ने पूछा, भैया को भी बुला लूं ना? पन्ना, तुम आकर खा लो, उसकी रोटी बहू ने अलग बनाई है। खुन्नू, जाकर भैया से पूछ ना आओ।"
hi_01_113,hi,hi_01,hi_kahanisuno,data/clips/hi/hi_01_113.wav,1605.20,1618.40,13.50,"पन्ना। जब उसका जी चाहेगा खाएंगे। तू बैठकर खा ले। तुझे इन बातों से क्या मतलब? जिसका जी चाहेगा खाएगा, जिसका जी ना चाहेगा ना खाएगा। जब वो और उसकी बीवी अलग रहने पर तुले हैं तो कौन मनाए?"
hi_01_114,hi,hi_01,hi_kahanisuno,data/clips/hi/hi_01_114.wav,1620.20,1634.40,14.50,"केदार। तो क्यों अम्मा जी? क्या हम अलग घर में रहेंगे? पन्ना। उनका जी चाहे एक घर में रहें, जी चाहे आंगन में दीवार डाल लें। कुन्नू ने दरवाजे पर आकर झांका।"
hi_01_115,hi,hi_01,hi_kahanisuno,data/clips/hi/hi_01_115.wav,1635.20,1649.60,14.70,"सामने फूस की झोपड़ी थी, वहीं खाट पर पड़ा रग्घू नारियल पी रहा था। खुन्नू: भैया तो अभी नारियल लिए बैठे हैं। पन्ना: जब जी चाहेगा खाएंगे। केदार।"
hi_01_116,hi,hi_01,hi_kahanisuno,data/clips/hi/hi_01_116.wav,1650.30,1662.70,12.70,"भैया ने भाभी को डांटा नहीं? मुलिया अपनी कोठरी में पड़ी सुन रही थी, बाहर आकर बोली, भैया ने तो नहीं डांटा, अब तुम आकर डांटो। केदार के चेहरे का रंग उड़ गया, फिर ज़बान ना खोली।"
hi_01_117,hi,hi_01,hi_kahanisuno,data/clips/hi/hi_01_117.wav,1663.40,1678.10,15.00,"तीनों लड़कों ने खाना खाया और बाहर निकले। लू चलने लगी थी। आम के बाग में गांव की लड़की लड़कियां हवा से गिरे हुए आम चुन रहे थे। केदार ने कहा, आज हम भी आम चुनने चलें, खूब आम गिर रहे हैं।"
hi_01_118,hi,hi_01,hi_kahanisuno,data/clips/hi/hi_01_118.wav,1678.90,1693.30,14.70,"खुन्नू, दादा जो बैठे हैं। लक्ष्मण, मैं ना जाऊँगा, दादा घुड़केंगे। केदार, वो तो अब अलग हो गए। लक्ष्मण, तो अब हमको कोई मारेगा तब भी दादा ना बोलेंगे।"
hi_01_119,hi,hi_01,hi_kahanisuno,data/clips/hi/hi_01_119.wav,1694.80,1709.70,15.20,"केदार, वाह! तब क्यों ना बोलेंगे? रग्गू ने तीनों लड़कों को दरवाजे पर खड़े देखा, पर कुछ बोला नहीं। पहले तो वह घर के बाहर निकलते ही उन्हें डांट बैठता था, पर आज वह मूर्ति के समान निश्चल बैठा रहा।"
hi_01_120,hi,hi_01,hi_kahanisuno,data/clips/hi/hi_01_120.wav,1710.60,1723.10,12.80,"अब लड़कों को कुछ साहस हुआ। कुछ दूर और आगे बढ़े। रघु अब भी ना बोला। कैसे बोले? वो सोच रहा था काके ने लड़कों को खिला पिला दिया, मुझसे पूछा तक नहीं।"
hi_01_121,hi,hi_01,hi_kahanisuno,data/clips/hi/hi_01_121.wav,1723.80,1737.00,13.50,क्या उसकी आँखों पर भी पर्दा पड़ गया है? अगर मैंने लड़कों को पुकारा और वो ना आए तो? मैं उनको मार पीट तो ना सकूँगा। लू में सब मारे मारे फिरेंगे। कहीं बीमार ना पड़ जाएं।
hi_01_122,hi,hi_01,hi_kahanisuno,data/clips/hi/hi_01_122.wav,1737.60,1750.90,13.60,"उसका दिल महसूस कर रह जाता था, लेकिन मुंह से कुछ ना कह सकता था। लड़कों ने देखा कि ये बिल्कुल नहीं बोलते, तो निर्भय होकर चल पड़े। सहसा मुलिया ने आकर कहा, अब तो उठोगे कि अब भी नहीं?"
hi_01_123,hi,hi_01,hi_kahanisuno,data/clips/hi/hi_01_123.wav,1751.50,1764.90,13.70,"जिनके नाम पर फाका कर रहे हो, उन्होंने मजे से लड़कों को खिलाया और आप खाया। अब आराम से सो रही हैं। और पिया बात ना पूछे, मोर सुहागिन ना हो। एक बार भी तो मुंह से ना फूटा कि चलो भैया खा लो।"
hi_01_124,hi,hi_01,hi_kahanisuno,data/clips/hi/hi_01_124.wav,1766.30,1780.60,14.60,"रघु को इस समय मर्मान्तक पीड़ा हो रही थी। मुलिया के इन कठोर शब्दों ने घाव पर नमक छिड़क दिया। दुखित नेत्रों से देखकर बोला, तेरी जो मर्जी थी वही तो हुआ। अब जा, ढोल बजा। मुलिया।"
hi_01_125,hi,hi_01,hi_kahanisuno,data/clips/hi/hi_01_125.wav,1781.10,1796.10,15.30,"नहीं, तुम्हारे लिए थाली परोसे बैठी हैं। रघु, मुझे चिढ़ा मत। तेरे पीछे मैं भी बदनाम हो रहा हूँ, जब तू किसी के होकर नहीं रहना चाहती तो दूसरे को क्या गरज है जो तेरी खुशामत करे। जाकर काकी से पूछ।"
hi_01_126,hi,hi_01,hi_kahanisuno,data/clips/hi/hi_01_126.wav,1796.50,1810.90,14.70,"लड़के आम चुनने गए हैं, उन्हें पकड़ लाऊं। मुलिया अंगूठा दिखाकर बोली, यह जाता है, तुम्हें सौ बार गरज हो जाकर पूछो। इतने में पन्ना भी भीतर से निकल आई। रग्गू ने पूछा, लड़के बगीचे में चले गए काकी?"
hi_01_127,hi,hi_01,hi_kahanisuno,data/clips/hi/hi_01_127.wav,1811.70,1825.40,14.00,"लू चल रही है। पन्ना, अब उनका कौन पुच्छत्तर है? बगीचे में जाएं, पेड़ पर चढ़ें, पानी में डूबें, मैं अकेली क्या-क्या करूं? रग्गो, जाकर पकड़ लाऊं। पन्ना।"
hi_01_128,hi,hi_01,hi_kahanisuno,data/clips/hi/hi_01_128.wav,1826.10,1840.30,14.50,"जब तुम्हें अपने मन से नहीं जाना है, तो फिर मैं जाने को क्यों कहूं? तुम्हें रोकना होता तो रोक ना देते। तुम्हारे सामने ही तो गए होंगे। पन्ना की बात पूरी भी ना हुई थी कि रघु ने नारियल कोने में रख दिया और बाग की तरफ चला।"
hi_01_129,hi,hi_01,hi_kahanisuno,data/clips/hi/hi_01_129.wav,1842.00,1853.10,11.40,"रघु लड़कों को लेकर बाग से लौटा तो देखा मुलिया अभी तक झोपड़े में खड़ी है। बोला, तू जाकर खा क्यों नहीं लेती? मुझे तो इस बेला भूख नहीं है। मुलिया ऐंठ कर बोली,"
hi_01_130,hi,hi_01,hi_kahanisuno,data/clips/hi/hi_01_130.wav,1853.60,1864.90,11.60,"हाँ, भूख क्यों लगेगी? भाइयों ने खाया, वो तुम्हारे पेट में पहुँच ही गया होगा। रघु ने दांत पीस कर कहा, मुझे जला मत मुलिया, नहीं अच्छा ना होगा।"
hi_01_131,hi,hi_01,hi_kahanisuno,data/clips/hi/hi_01_131.wav,1865.80,1880.10,14.60,"खाना कहीं भागा नहीं जाता। एक बेला ना खाऊंगा तो मर ना जाऊंगा। क्या तू समझती है, घर में आज कोई छोटी बात हो गई है? तूने घर में चूल्हा नहीं जलाया, मेरे कलेजे में आग लगाई है। मुझे घमंड था कि और चाहे कुछ हो जाए।"
hi_01_132,hi,hi_01,hi_kahanisuno,data/clips/hi/hi_01_132.wav,1880.50,1894.00,13.80,"पर मेरे घर में फूट कर रोग ना आने पाएगा, पर तूने मेरा घमंड चूर कर दिया। पर आलब्ध की बात है। मुलिया तिनक कर बोली, सारा मोह छो तुम ही को है कि और किसी को है?"
hi_01_133,hi,hi_01,hi_kahanisuno,data/clips/hi/hi_01_133.wav,1895.40,1907.40,12.30,"मैं तो किसी को तुम्हारी तरह बिसूरते नहीं देखती। रग्गू ने ठंडी सांस खींचकर कहा, मुलिया, घाव पर नौन न छिड़क। तेरे ही कारण मेरी पीठ में धूल लग रही है।"
hi_01_134,hi,hi_01,hi_kahanisuno,data/clips/hi/hi_01_134.wav,1908.00,1921.80,14.10,"मुझे इस गृहस्थी का मोह ना होगा तो किसे होगा? मैंने ही तो इसे मर मर जोड़ा। जिनको गोद में खिलाया, वही अब मेरे पट्टीदार होंगे। जिन बच्चों को मैं डांटता था, उन्हें आज कड़ी आँखों से भी नहीं देख सकता।"
hi_01_135,hi,hi_01,hi_kahanisuno,data/clips/hi/hi_01_135.wav,1922.70,1936.80,14.40,"मैं उनके भले के लिए भी कोई बात कहूं तो दुनिया यही कहेगी कि अपने भाइयों को लूट लेता है। जा मुझे छोड़ दे। अभी मुझसे कुछ ना खाया जाएगा। हुलिया, मैं कसब रखा दूंगी, नहीं चुपके से चले चलो।"
hi_01_136,hi,hi_01,hi_kahanisuno,data/clips/hi/hi_01_136.wav,1937.60,1951.80,14.50,"रघु। देख अब भी कुछ नहीं बिगड़ा है। अपना हठ छोड़ दे। मूलिया, हमारा ही लहू पिए जो खाने ना उठे। रघु ने कानों पर हाथ रखकर कहा, यह तूने क्या किया मूलिया?"
hi_01_137,hi,hi_01,hi_kahanisuno,data/clips/hi/hi_01_137.wav,1952.50,1966.90,14.70,"मैं तो उठ ही रहा था। चल खा लो। नहाने धोने कौन जाए? लेकिन इतना कह देता हूँ कि चाहे चार की जगह छह रोटियाँ खा जाऊँ, चाहे तू मुझे घी के मटके ही में डूबा दे। पर ये दाग मेरे दिल से ना मिटेगा।"
hi_01_138,hi,hi_01,hi_kahanisuno,data/clips/hi/hi_01_138.wav,1968.20,1980.00,11.95,"मुलिया, दाग साक सब मिट जाएगा। पहले सबको ऐसा ही लगता है। देखते नहीं हो, उधर कैसी चैन की वंशी बज रही है। वो तो मना ही रही थी कि किसी तरह ये सब अलग हो जाए।"
